Workbook

Sheet Instructions
A1: Day 04 — Activity 3: KPI Dashboard Practice (Video Follow-Along)
A2: Data Analytics Level III | Formative Practice (Video Follow-Along)
A5: INSTRUCTIONS:
A7: This dataset is for the KPI Dashboard video follow-along practice.
A8: Watch the recorded video on the LMS and replicate every step below
A9: on this dataset (Tita Boba — Milk Tea & Coffee Shop).
A11: WHAT YOU WILL BUILD (on the 'Dashboard' sheet):
A13: 1. KPI SUMMARY
A14: • Total Revenue, Average Sale, Number of Transactions
A15: • Highest Single Sale, Lowest Single Sale
A17: 2. CONDITIONAL FORMATTING
A18: • Data Bars on a monthly totals table
... A30: Upload to LMS before the next session.

Sheet Sales Data
A1: Tita Boba — Milk Tea & Coffee Shop | 2025 Sales
A3: Transaction ID | B3: Month | C3: Product Category | D3: Product Name | E3: Units Sold | F3: Sales Amount (₱)
A4: TXN-001 | B4: January | C4: Milk Tea | D4: Classic Milk Tea (24-cup tray) | E4: 24 | F4: 2400
A5: TXN-002 | B5: January | C5: Coffee | D5: Iced Coffee (12-cup) | E5: 12 | F5: 1320
A6: TXN-003 | B6: January | C6: Snacks | D6: Cheese Sticks (50 pcs) | E6: 50 | F6: 1500
A7: TXN-004 | B7: February | C7: Milk Tea | D7: Valentine's Special (50-cup) | E7: 50 | F7: 7500
A8: TXN-005 | B8: February | C8: Add-ons | D8: Heart Toppings (200 pcs) | E8: 200 | F8: 2000
A9: TXN-006 | B9: February | C9: Milk Tea | D9: Couples Set (paired drinks) | E9: 30 | F9: 4500
A10: TXN-007 | B10: February | C10: Coffee | D10: Hot Latte (20-cup) | E10: 20 | F10: 2400
A11: TXN-008 | B11: March | C11: Milk Tea | D11: Wintermelon (24-cup) | E11: 24 | F11: 2640
A12: TXN-009 | B12: March | C12: Snacks | D12: Fries (40 orders) | E12: 40 | F12: 2000
A13: TXN-010 | B13: March | C13: Coffee | D13: Iced Americano (15-cup) | E13: 15 | F13: 1500
A14: TXN-011 | B14: April | C14: Milk Tea | D14: Mango Float Tea (30-cup) | E14: 30 | F14: 3900
A15: TXN-012 | B15: April | C15: Add-ons | D15: Sago Pearls (5kg bag) | E15: 5 | F15: 1250
... A43: TXN-040 | B43: December | C43: Milk Tea | D43: New Year Bundle (40-cup) | E43: 40 | F43: 5600

Sheet Dashboard
A1: KPI DASHBOARD — PRACTICE
A2: Tita Boba — Milk Tea & Coffee Shop | 2025 | Video Follow-Along | Mark Jhon Angelo Llanes Cruz
A4: KPI SUMMARY
A5: Total Revenue | C5: Average Sale | E5: Transactions | G5: Highest Sale | I5: Lowest Sale
A6: =SUM('Sales Data'!F4:F43) -> 125790 | C6: =AVERAGE('Sales Data'!F4:F43) -> 3144.75 | E6: =COUNTA('Sales Data'!A4:A43) -> 40 | G6: =MAX('Sales Data'!F4:F43) -> 20000 | I6: =MIN('Sales Data'!F4:F43) -> 750
A8: Month | B8: Total Sales (₱) | D8: Product Category | E8: Total Sales (₱) | G8: Category | H8: Units Sold
A9: January | B9: =SUMIF('Sales Data'!$B$4:$B$43,A9,'Sales Data'!$F$4:$F$43) -> 5220 | D9: Milk Tea | E9: =SUMIF('Sales Data'!$C$4:$C$43,D9,'Sales Data'!$F$4:$F$43) -> 78470 | G9: Milk Tea | H9: =SUMIF('Sales Data'!$C$4:$C$43,G9,'Sales Data'!$E$4:$E$43) -> 652
A10: February | B10: =SUMIF('Sales Data'!$B$4:$B$43,A10,'Sales Data'!$F$4:$F$43) -> 16400 | D10: Coffee | E10: =SUMIF('Sales Data'!$C$4:$C$43,D10,'Sales Data'!$F$4:$F$43) -> 22770 | G10: Coffee | H10: =SUMIF('Sales Data'!$C$4:$C$43,G10,'Sales Data'!$E$4:$E$43) -> 179
A11: March | B11: =SUMIF('Sales Data'!$B$4:$B$43,A11,'Sales Data'!$F$4:$F$43) -> 6140 | D11: Snacks | E11: =SUMIF('Sales Data'!$C$4:$C$43,D11,'Sales Data'!$F$4:$F$43) -> 15700 | G11: Snacks | H11: =SUMIF('Sales Data'!$C$4:$C$43,G11,'Sales Data'!$E$4:$E$43) -> 440
A12: April | B12: =SUMIF('Sales Data'!$B$4:$B$43,A12,'Sales Data'!$F$4:$F$43) -> 6650 | D12: Add-ons | E12: =SUMIF('Sales Data'!$C$4:$C$43,D12,'Sales Data'!$F$4:$F$43) -> 8850 | G12: Add-ons | H12: =SUMIF('Sales Data'!$C$4:$C$43,G12,'Sales Data'!$E$4:$E$43) -> 231
A13: May | B13: =SUMIF('Sales Data'!$B$4:$B$43,A13,'Sales Data'!$F$4:$F$43) -> 30300
A14: June | B14: =SUMIF('Sales Data'!$B$4:$B$43,A14,'Sales Data'!$F$4:$F$43) -> 6450
A15: July | B15: =SUMIF('Sales Data'!$B$4:$B$43,A15,'Sales Data'!$F$4:$F$43) -> 5630
A16: August | B16: =SUMIF('Sales Data'!$B$4:$B$43,A16,'Sales Data'!$F$4:$F$43) -> 5200
A17: September | B17: =SUMIF('Sales Data'!$B$4:$B$43,A17,'Sales Data'!$F$4:$F$43) -> 5700
A18: October | B18: =SUMIF('Sales Data'!$B$4:$B$43,A18,'Sales Data'!$F$4:$F$43) -> 9000
A19: November | B19: =SUMIF('Sales Data'!$B$4:$B$43,A19,'Sales Data'!$F$4:$F$43) -> 7600
A20: December | B20: =SUMIF('Sales Data'!$B$4:$B$43,A20,'Sales Data'!$F$4:$F$43) -> 21500
A40: REFLECTION
A41: This practice showed us how KPI cards; conditional formatting; and charts work together--summarizing a whole year of Tita Boba sales in glance. The total revenue reached ₱125,790 peak across 40 transactions & the data bars obviously made it, that May (₱30,300) & December (₱21,500) were standout months driven by Summer Festival catering & Christmas bundles. Milk Tea is by far the strongest category (₱78,470), which the color scale highlighted immediately.
