Workbook

Sheet Instructions
A1: Day 04 — Core 1 Assessment: Statistical Analysis Report
A2: Data Analytics Level III | Summative Assessment
A5: INSTRUCTIONS:
A7: This is your Core 1 summative assessment. Using the dataset provided,
A8: create a complete statistical analysis report in Excel.
A10: YOUR REPORT MUST INCLUDE:
A12: 1. CENTRAL TENDENCY (Sheet: 'Analysis')
A13: • Mean, Median, Mode for the Sales Amount column
A14: • Mean, Median, Mode for the Units Sold column
A16: 2. CHARTS (Sheet: 'Dashboard')
A17: • Bar chart: Sales by Product Category
A18: • Line chart: Monthly sales trend
... A29: Upload to LMS before the next session.

Sheet Sales Data
A1: Mang Tomas Trading — Quarterly Sales Data (Q1-Q4 2025)
A3: Transaction ID | B3: Month | C3: Product Category | D3: Product Name | E3: Units Sold | F3: Sales Amount (₱)
A4: TXN-001 | B4: January | C4: Groceries | D4: Rice (25kg) | E4: 12 | F4: 7200
A5: TXN-002 | B5: January | C5: Beverages | D5: Softdrinks (case) | E5: 20 | F5: 4800
A6: TXN-003 | B6: January | C6: Snacks | D6: Chips (box) | E6: 15 | F6: 2250
A7: TXN-004 | B7: February | C7: Groceries | D7: Cooking Oil (case) | E7: 8 | F7: 4800
A8: TXN-005 | B8: February | C8: Personal Care | D8: Shampoo Sachets (box) | E8: 25 | F8: 1250
A9: TXN-006 | B9: February | C9: Beverages | D9: Coffee 3-in-1 (box) | E9: 18 | F9: 3600
A10: TXN-007 | B10: March | C10: Snacks | D10: Biscuits (box) | E10: 22 | F10: 2640
A11: TXN-008 | B11: March | C11: Groceries | D11: Canned Goods (case) | E11: 10 | F11: 3500
A12: TXN-009 | B12: March | C12: Personal Care | D12: Soap (box) | E12: 30 | F12: 1800
A13: TXN-010 | B13: April | C13: Groceries | D13: Rice (25kg) | E13: 14 | F13: 8400
A14: TXN-011 | B14: April | C14: Beverages | D14: Juice (case) | E14: 12 | F14: 2880
A15: TXN-012 | B15: April | C15: Snacks | D15: Candy (box) | E15: 35 | F15: 1750
... A43: TXN-040 | B43: December | C43: Beverages | D43: Juice (case) | E43: 20 | F43: 4800

Sheet Analysis
A1: STATISTICAL ANALYSIS — Central Tendency
A2: Mang Tomas Trading | Core 1 Summative Assessment | Prepared by: Mark Jhon Angelo Llanes Cruz
A4: SALES AMOUNT (₱)
A5: Mean | B5: =AVERAGE('Sales Data'!F4:F43) -> 4735.75
A6: Median | B6: =MEDIAN('Sales Data'!F4:F43) -> 3600
A7: Mode | B7: =_xlfn.MODE.SNGL('Sales Data'!F4:F43) -> 4800
A9: UNITS SOLD
A10: Mean | B10: =AVERAGE('Sales Data'!E4:E43) -> 21.175
A11: Median | B11: =MEDIAN('Sales Data'!E4:E43) -> 20
A12: Mode | B12: =_xlfn.MODE.SNGL('Sales Data'!E4:E43) -> 20
A14: Note
A15: For Sales Amount the Mean (~₱4,736) is higher than its Median (₱3,600), showing average is pulled up by a few large transactions (e.g. the ₱22,500 December gift basket). Its typical transaction is closer to the Median. Units Sold Mean & Median are very close (~20-21), indicating a fairly symmetric distribution of quantities.

Sheet Dashboard
A1: SALES PERFORMANCE DASHBOARD
A2: Mang Tomas Trading — Q1–Q4 2025 | Prepared by: Mark Jhon Angelo Llanes Cruz
A4: KPI SUMMARY
A5: Total Revenue | C5: Average Sale | E5: Top Category | G5: Transactions
A6: =SUM('Sales Data'!F4:F43) -> 189430 | C6: =AVERAGE('Sales Data'!F4:F43) -> 4735.75 | E6: =INDEX(A9:A12,MATCH(MAX(B9:B12),B9:B12,0)) -> Groceries | G6: =COUNTA('Sales Data'!A4:A43) -> 40
A8: Product Category | B8: Total Sales (₱) | D8: Month | E8: Total Sales (₱) | G8: Sales Amount Range | H8: Frequency
A9: Groceries | B9: =SUMIF('Sales Data'!$C$4:$C$43,A9,'Sales Data'!$F$4:$F$43) -> 96100 | D9: January | E9: =SUMIF('Sales Data'!$B$4:$B$43,D9,'Sales Data'!$F$4:$F$43) -> 14250 | G9: ₱0–2,499 | H9: =COUNTIFS('Sales Data'!$F$4:$F$43,">="&0,'Sales Data'!$F$4:$F$43,"<="&2499) -> 11
A10: Beverages | B10: =SUMIF('Sales Data'!$C$4:$C$43,A10,'Sales Data'!$F$4:$F$43) -> 55760 | D10: February | E10: =SUMIF('Sales Data'!$B$4:$B$43,D10,'Sales Data'!$F$4:$F$43) -> 9650 | G10: ₱2,500–4,999 | H10: =COUNTIFS('Sales Data'!$F$4:$F$43,">="&2500,'Sales Data'!$F$4:$F$43,"<="&4999) -> 18
A11: Snacks | B11: =SUMIF('Sales Data'!$C$4:$C$43,A11,'Sales Data'!$F$4:$F$43) -> 23640 | D11: March | E11: =SUMIF('Sales Data'!$B$4:$B$43,D11,'Sales Data'!$F$4:$F$43) -> 7940 | G11: ₱5,000–7,499 | H11: =COUNTIFS('Sales Data'!$F$4:$F$43,">="&5000,'Sales Data'!$F$4:$F$43,"<="&7499) -> 5
A12: Personal Care | B12: =SUMIF('Sales Data'!$C$4:$C$43,A12,'Sales Data'!$F$4:$F$43) -> 13930 | D12: April | E12: =SUMIF('Sales Data'!$B$4:$B$43,D12,'Sales Data'!$F$4:$F$43) -> 13030 | G12: ₱7,500–9,999 | H12: =COUNTIFS('Sales Data'!$F$4:$F$43,">="&7500,'Sales Data'!$F$4:$F$43,"<="&9999) -> 4
D13: May | E13: =SUMIF('Sales Data'!$B$4:$B$43,D13,'Sales Data'!$F$4:$F$43) -> 10100 | G13: ₱10,000–12,499 | H13: =COUNTIFS('Sales Data'!$F$4:$F$43,">="&10000,'Sales Data'!$F$4:$F$43,"<="&12499) -> 1
D14: June | E14: =SUMIF('Sales Data'!$B$4:$B$43,D14,'Sales Data'!$F$4:$F$43) -> 10300 | G14: ₱12,500+ | H14: =COUNTIFS('Sales Data'!$F$4:$F$43,">="&12500,'Sales Data'!$F$4:$F$43,"<="&1000000) -> 1
D15: July | E15: =SUMIF('Sales Data'!$B$4:$B$43,D15,'Sales Data'!$F$4:$F$43) -> 13080
D16: August | E16: =SUMIF('Sales Data'!$B$4:$B$43,D16,'Sales Data'!$F$4:$F$43) -> 11000
D17: September | E17: =SUMIF('Sales Data'!$B$4:$B$43,D17,'Sales Data'!$F$4:$F$43) -> 11080
D18: October | E18: =SUMIF('Sales Data'!$B$4:$B$43,D18,'Sales Data'!$F$4:$F$43) -> 17400
D19: November | E19: =SUMIF('Sales Data'!$B$4:$B$43,D19,'Sales Data'!$F$4:$F$43) -> 15900
D20: December | E20: =SUMIF('Sales Data'!$B$4:$B$43,D20,'Sales Data'!$F$4:$F$43) -> 55700
H40: EXECUTIVE SUMMARY
H41: Mang Tomas Trading generated a total revenue of ₱189,430 across 40 transactions in the year 2025 for an average sale of ₱4,735.75. Groceries is/are clearly the top-performing category ranging at ₱96,100 (about 51% revenue); followed by Beverages (₱55,760); Snacks (₱23,640); and Personal Care (₱13,930). The monthly trend rises toward year-end, peak sharply in December ranging at ₱55,700... driven by holiday demand including single ₱22,500 basket gift. For Sales Amount, the Mean (₱4,735.75) sits well above Median (₱3,600), tells us that a small number of large transactions inflates the average while typical sale is closer to ₱3,600. Units Sold behaves more normally, with the Mean (~21) and its Median (20), nearly equal. Overall, the business is groceryled and strongly seasonal, furthermore, inventory & staffing should be scaled up for theb upcoming Q4 holiday surge.
A56: REFLECTION
A57: The conditional formatting style I found most useful was: - The data bars on the category totals --> because they instantly show you how dominant Groceries is compared to the other categories w/o me having to read every number. Looking at this line chart, December had the highest sales (₱55,700); this is best explained by holiday season demand & bulk/gift purchases such as the: ₱22,500 Holiday Gift Basket & higher softdrink & rice volumes.
